label,seq
1,ADDAPTPGVTLNARASGHAKIYQAGRDMTITDR
1,AEAQSSVEVRLRAEVSGSGRVYQAGRDQHITER
1,ALTDREPGAVLSARASGRSRIYQAGRDQHVTER
1,AQQAAAAPVTMKATASGRGRVYQAGRDQHITEQ
1,AVRDSLKKVEMHARASGRARIFQAAGNQTINES
1,DAPQPAGGVQQQATASGNARIYQAGSSLHVTERAER
1,EEQAQVRSVVMRAEAHDNSRVYMAGRDQYITEGS
1,EKHMTLRAQASDQARVYQAGRDLYVNESGE
1,ERDRIATGPIFNVTASGNARVYQAGRDQHFTER
1,GDGLRPVVQSIHAEGNGQANGVMFGNLTAYKG
1,GNSEPKWVQDVVVRDNGKAFLVQGGNIVNHHH
1,KAATHASQITQHGTASGRARVYQAGRDVHIHER
1,MDAHAEDRGRVYQASGDQHINEHHHHGGGTT
1,MGNQKNVTQNIDARDSATVKAIANVENANTIN
1,MTGRADGQGRVYQALGDLHIVEHHHTAPDWS
1,PAQAGGASTVTDAHPHGRPRLYVSGGDQRFHR
1,PASAAAPAHHFNVHARGRAQVNVSGGDMRIGR
1,PDTQVVGSQHLEAHASESGRVYQAARDMHITEN
1,PEDFRAHRITMKARASGKARITMAGRDVNITERR
1,PEEEQQWVMHVVAHDHAQVFASQGGNVIVHQE
1,PPAQAATIQTNVAYDQGTVYAVQTGVQNIHRF
1,PPARQVWQQTNTARDNGRVFAALGGNVIVHQG
1,PPPPYAEGHASGHGRVFQSAGDQHITEHHHH
1,PQDLGPRTVQMHAEASGSGRVYQAGRDQHITER
1,PTAQNVWQQSVHATGGGSAYGALGPGSSVHVH
1,PTGQETWVQTNVARDNGRVFAAQGGNVIIHEA
1,QQTPQSGSTVFHAAPTGHARVYQSAGDMNINER
1,RAPAHIEVHAHDQSRVYLANRDLHQTIGSVP
1,RKSGRAWMQTNTARDNSRLFAAQGGNVVVHGA
1,RPSVHQPSVVFNASPSGNARVYQSARDQHITER
1,RRPDRRGGISVTAHASGGSRINVAGRDLTVDGR
1,SATVSQNVRAGRDAYTAGRDMTINQRPEG
1,SRSRQSCSQHNTARDGGTQHITLSGDLNVHVN
1,STGDNATNVQMRAEALGSGRIYQAGRDQTIHER
1,TAQPGIGSVSMNARATDGGRVYQSAGDMRITER
1,VPGGQHSVQHNTAHDNGRVFGVQHGNIVFHQG
1,AAGPSVAINHNTISGGHTTPR
1,AAMGYNIVQNTGNVQGQIVENKGSVTMTFGEI
1,ADNDFSGRSAAVVQAGLIQGDVHLR
1,AEAAVSADGNVVQAGDVSGGRVYGGDHVDFSRGTFHGP
1,AGANGVANSISGDVSGPVVQARDIHGGVSFGGGSAQP
1,AGSDAAVTVHNSVNGGVQNGPVIQGQQFSSLTFYSLGS
1,ALRAERSEVRNTVSGSAQVQGPVIQARDIHGGVNLG
1,APAEEHGTVHNSVSDGARITGPVIQGRDFHGPISFGPQ
1,ARADTGGDVHNTVSGTQNGTVFQGRDFSGSITLHLGQ
1,ARASTFHIEVGTNHGAIGGEFSGPVTFHQGPPNHPPQP
1,AREGKVVNTIIGEVTGTAIQAHTIHGGITTTTYQGDHI
1,ARGAVHNTISGGGFQQGVIQTGSIHGDVHLG
1,ASADGDAHNTISGGVQNAPVVQGRDFSGLTFHLGQK
1,ATTVNYITNTHNGGGSTYNDAVIQAGIIHNLKR
1,DAASLSSQNAVGNQGPVIQIGRDNSGDVQMGRN
1,DPAPSPGSTVNTVSHSTVHGPVIQGRDFTGPVTIGSQG
1,DPATQTLIAHASGDARQVNISGNNSGPISFS
1,DRVFNTTIYGDVAKLIQIGDVYGDVTIS
1,DTGAGVPNLISGGIFFHAVIQGRDITV
1,EPQSGVNQTAENNTGSVIQIGRDNSGSLNTERR
1,GAADGPSEARNTVSGGTQSAVVQARDIHGGVSFRLPP
1,GIRTGPGEVRNVISGGTQSTVVQARDINGPLTFGG
1,GNDQRDVNVHNTISGGVYHAPVIQTGILGSFNHGTPPD
1,GQHAETGGVTNQISGHVGGIVVQARDIEGGITF
1,GSAGPTVSVTNSISGGTQNGPVFQGQTFSALTFNSGHS
1,GSRTVFDKRGQTMHGSQTNIAGSFSGNVLFNQFNGPVS
1,HLIAGGDGVVNSVSGTVQGHVVQARDVHGGISFGSPG
1,HNQQNINNNGNIEKQVNIQNVTGNITL
1,IERGARIGGSVVQARDIHGRFDLP
1,KGDQQVADVHNTISGGVQHGPVIQAGNVGSLSFGPPFG
1,LPGDGADSVSNSVSGQVWYGPVVQGRDFHAADGIHIQS
1,LVNDFSGVGGQVIQARDIGSVTFAA
1,LVRAGNGAVTNSVSGGTHNGQIFQGRDFTHLSLHAAPA
1,MNNVSGSAERVVQGRDFPHANIT
1,NAQGDVHNTIVGEVSGTAVQARDIEGGLNIGR
1,PNQTGSGDVRNEVSGTVHGNVVQARDIHGSIRFGN
1,PRPHQGERNRFEISGGTFHAPVQMAENIHGTTFHTGPA
1,QGAGDTSQTSNTISGSVSGPVVQARDIHGGVHLGVKG
1,QRGGDTIINTAGDIGGGSFVIQAGHVHGGVHEHKGDHI
1,QVRVNGDVVINTINGGDFSGVTIQAGRVNNFQTPPGGQ
1,RTENVISGQAQVTNAVQADTINGNITFGR
1,RVGGVHNEISGSARVTGTVVQAHTVTGLTLPSPRA
1,SAGEAGAVHNRIGGNARITGPVIQAKDINGPISFG
1,SISGGTQEGPVLQGRDFSGITFQGPGRS
1,SVRTGQGAVHNTISGGTFHGSVSIVQGRDFHGGLDFRRSE
1,TAGVPTVILTNNVSGGTQNAPFVQGQRFSGGMTLYGSG
1,TGKGTGVTVTNTISGGVQHGPVIQGQSFHGSITFQGPD
1,TGTDRSRTVHNTVSGGATVGGPVVQADEIHGGITFN
1,TTRTGSGNVHNSVSGGTQNTVIQARDVSGGIHPGGG
1,TVHNTAHEVHNDISGGTQQTVVQGGNFSHLTFNASPG
1,VGQLVAVSSNIAVAEEVHGGITFGSPPG
1,VNINTGNAKNVIQARNIQGGITLN
1,VNSFHGHAKNVVQVRDIHGGLTMD
1,AGGATVSGTTFFGPTAMQVGDHNQQTNTFGG
1,AGRAAKYNVTADGAQGVQVGDHGQQTNRFGP
1,AIDSHLDLREARGVVVGDHAEQKNYF
1,APPAAKYTVTVSGSEGVQIGDHNTQTNTFGAR
1,DKQAQAIKIIKNLGFIAEAGSNVTVTQNFY
1,ERQTGRVTVDADGAQGALVGDGNTQHNTFG
1,ESGGAVSGNTFRGPVAFQTGAHSTQDIHFGTAG
1,FNNPGIHGNLFLGNTAIQHGNDNIQVNRFGPHQ
1,GARAGKYDVDASQAKGVQIGDYNTQTNTFN
1,GDHYTVSVHHSSGFQIGSNNQQNVFMRPSTE
1,GERTAKYTVDAREAKGLQIGDHNTQTNTFS
1,GFRQGKYVVDLRDAKGVQVGDNNTMNIRF
1,GGPFDGRRVDLSQAKGVQLGDHNVQHNTFN
1,GQQPRVNVVDARGAKGAQIGDHNTQTNTFT
1,IVSQKYQVQFEGEVKGGQVGDHNTQTNNFN
1,MFRNSFHGPTAFQVGNNNQQVNHFH
1,PGARAVYGNTFNGPTALQIGDHTTQTNTFGA
1,PGIRSDRYVDARDSKGIQVGDRNTQTNHFS
1,PQGGAVSGNTFHGPTAVQTGDHNRQENHFGSGG
1,RGKYVVDVHDNKGVQVGDGNTMTVSLDD
1,SGTTQPDLVLQGTQVGPLNTQYNNY
1,TGEHTVSLHGARGVQVGDGTLHVETAYGPTA
1,VKAGGTINIIGKQINISQAGTGNTQHNTFSNF
1,WVFGNTFYGPTAINLGAGGVQNNYF
1,AEGVGPIVGNDWVVGGDMRVSDGKGQSSGN
1,DFQVVQRILENVWAGRDITIGDIHQIYQ
1,ESTGTAIRVVDGRFDGDIDLGSIRAGRQDPPP
1,FKDIEGVRAKEIVAGGDQTFEGISTKKD
1,LESTGAIKQVMASGIELSADLEAKDMNQKATPGTSVEQ
1,LESTGMTIQLMGSEINITGDLEVDRMTQKTSGDSFAEQ
1,LKSQDATIRQVVLSDIEITEGLTVKDLTQTVAGDGSVE
1,LLQAQDATIRQVVLSEIELSDDLKAKDINQKATRDGSV
1,MNQEAKPATKVEQVMGSDIETEGDIEFGNLTQK
1,MSQKATRSSSVQQEMLKDVKAQNVKLGNLSQES
1,PELAEALRQEQVIGEKLKAKGSIELDGNTQEATQGKPG
1,QPGKTGVTLRDIEAAASVIIRNITTPDGGVHA
1,RSTGTGVRVVGGSFVGDIEIGSVNAGKSEPQD
1,SGTAGGLRSEKIQAGGDVRLTNISGGTSSGNK
1,TASGTGVKVEEGEFTGDVDIRGVRAGVDRPPD
1,TGGAIGVDARDVQVVGRFTITDVEVKGPANHP
1,TQETTRSGGSVEQTMLKDIKAGNIEVGNLSQES
1,TQKTSGSSGSVDQEMLTNIEANNINVGDLTQEG
1,TSTGAGVRVHGGRFSGDIHIEDIDAGAGDTSH
1,TTTGSGVIVESTTVQGTFKISGITAGSAEPPH
1,VEEQAPELPATIGVVIRRASVGGDIEVKDVAVDGGSGV
1,VEQTTKQGSSTTQEAVTQVDIGGNLKIGNMKQKS
1,AEALKSQSPTNQIRIETIEKIVNFAQRDINVETQN
1,ATTIKSQPATVNNSAKLAEKINALFQGTTITGGNVGNT
1,ESDVKSQTSVINNFEKIADVINADRGSNVASQININNP
1,KSQPSVINKFAKLAEEIKAEKGAMVALMCLSTSVGR
1,LQSQPGTIVNMTKLAEQIGVLVQGGYADFRGSNFF
1,MNDNFSKLADKIGAVALPGGTVQVNTQNIDGQK
1,PNPKLAEILAMPNLEKLADKIGQVVMPGGTGNIENMSF
1,TLKSQPQQPSTINYQKLADEIKTVIQGSTFNAPVTFN
1,AAAATVTVTTSGERSPAVHNNYGTIHTGDHS
1,AEKAPGNRVKASGERAIAVGGNVAGSSLSTGDAKRR
1,AGAGPVNVTASGQRAIAAQTITTAITGDNVT
1,AKQTGSVSNVIASGERAVAIGGNASGNTISTGDTVTHK
1,ASATGDRAVAIGRNEGIVSTGDGAYNVIGRQD
1,DRNGGAGSVAVGGDVSGIVSVGDGATNIVRR
1,ETTIEQHITASGQNSTAQGVIGGTITNHPFP
1,EWSGRPAEQASVAVQGGNAGIISTGESAT
1,GEPVQVTASGTRAVAAKTVGVAITGDNNTVQ
1,HRSSGTVVGDGGLAVGGDLNVSADNHSVAAGVVNGGVH
1,HRTASVVVASGERSIAAGGNIGVAITGDGHGSSTS
1,LPAAHAQVAADHGAVAVGGDLTVRSDGGSVAAAVIRGD
1,PPPPPVVHAEGERSVAVGGDNSGTISTGDGAGGAPRR
1,PYARGAGASAGDGGVAVGGDVEIRADGGSAAAWHMGSV
1,QENRGVTVTASGPRSIAAGGNIGVAITGDGHTAPER
1,SGAGSITITASGERSIAAQHIGNAYTGDGHG
1,VPVTASGERSVAVGGHNSGLIVTGDANRIESAR
1,VTAAGERPVAVGGEHLAESGH
1,IQENSEAKQVIENWKGINIKGGTNTISNNTLTFN
1,MSENWHGINIKGGKNEIKGNTFIFNSTEK
1,NQANPQLSTVIEDWKGINIKGGTNTIAGNTFNF
1,ISIQSQFASNRQNINYGRDQINIEHIQGNPRIGGSYP
1,TNVQNTAERQYNNYGRDQFNIETINGDPKLGGS
1,VHIQNQYQSQQVNANYGRDQFVINQPSGDLKLGGS
1,EAEKIEDQSVWKMIIRDQGTGSQIENRNTG
1,ESAQPTGDNIQISGESYDNSTFKQVGKIEA
1,NIHRVEDNSSQIQNIYSGGKGYQTKIGDNT
1,NLHVIEDNSSQVQNNYGGTNYQNKISGGVV
1,NVGKLLDNSNMTQNNYDNSTGYQTKVETEK
1,QNISQEQVQFGEMKQLNRDNAKGFQVQANR
1,YQQLIQQQAQMTQNNYGSNNKNYQIGSINE
1,NPTNSNNIEMNVTASGDSKVTQVGQINAAEVKIV
1,AASPTPPAATQQATASGEARIYQAGRDLHLDQR
1,AERTRVRTLVQSARAEGRSQVNQSGRDLTIHQAPPP
1,AGDGGSTHVEMRGEARDQGQVFQSGHTLNVRFR
1,ARRACLLNQTNTAHGSGTVFAVQRGDLHAYPP
1,ASDAAGPVVTQHATASGNARVYQAGRDQRIEERGGEG
1,DGQGTWIQQSVTGDRNQVIGTMGGNAKAIGS
1,EDGTRTASHEFRARASGHGRVYQAGRDQNIYGP
1,EPRQTAGSVVLRAEARDQARVYLAGRDQHFTDS
1,GAAPGGNRVTMRATAADRAKVYMAGNDLHIHGQ
1,GAGPEVQGRASGQGRVYQARGDQHVTEHHHH
1,GASPSVAPVSQRATSDGHSRIYQAGRDQHISER
1,GGQSLIGSVYISAHTTGNSPAHQAGHDRHITER
1,GRRAHALRQTNTARDSATVFAVQHGSQHIHGR
1,HSEVTQNVRAGRDAYVAGRDQTVTHHHGASDD
1,MDQARIGQISMTATASDHSHIIQLGQGTQSIVDR
1,MSELGARASGQGRIFQTSGDQYIQEHHHHYD
1,MTAANEGRATGHGRVYQAAGDQHVTEHHHHH
1,PAARPGRTATMTATARDHGRIYQAAGNQYITEHGAGGQ
1,PAGRQVWTQSNTARDHGTVFAVQGGSLHYHQA
1,PEQLITGSMTMEAHVSGGDAYLAGRDMTVTRGGQA
1,PPVRQQWVQHITARDGGSAYGAQGPGSSVNVH
1,PSGTAAGTVTVHATASEQAQQAVQGQGTQHNSFGPGQP
1,PTLAHQTVTGNYALGDINTAGRDNNFGMNR
1,PTPEVPSVTQHATASGYARVYQAGRDQHIDQP
1,PVSAAVIRQDNRAYDHGTVNAVVNGDLTVHPT
1,QASNTYTVGSQNAVATNHGQVFQSGGAQTINQAGRNS
1,QEQSRIGTLLMRAEASGSGRVYQAGRDQHITER
1,RALADTDTVHVVQNITANRNAFIAGRDQHISFPQEPMD
1,RPEVSLRAGAHDGGRIYQAVGDQYIYEGLPV
1,RQLAARDSFTVVQRITARRDAYTAGRDQHITSHPHQRP
1,SGGPTISGNVDIRADHGSAAAVQMGDVTVGTP
1,TGRTWRGDVTQRATASDHSRIYQVGQGDLHVRGDG
1,VDPSAGDISIRDRARWNSAARDQYIVEIGHQ
1,AESTGPGTVRNTIRGDVRDGSTVVQAGHITGDINLR
1,AGDGSVANHVSGTVSGRVVQAGEIHGDVRLG
1,AQPGTVSNTITGNVSGRVIQMRDVHGNINF
1,ARGAVSNTITGNVSGTAVQAHTISGGITTTYHGDHVD
1,ARPTGSGDVHNEISGGDFKGPVIQARDINGPLNFGR
1,ASQEGGGAVHNSIRGDVSGGAKVIQTRDIHGSVNL
1,ATADASGAVHNSISGGTVHGPVLQGRSFSNVTFHAPRP
1,DGGSVPRVHNSVSGGTQYGPVVQGENFSGLRFDIRTPP
1,DGSVTNIVGGNARIDGGLLQARDVHGSITLGGTDHGR
1,DPRVQVTTVHNEISGGRHGITLQIGTNQVVNNHTHQQG
1,EEAASQAQVHNEISGGTQETVIQGGDFSNLTFHVRGD
1,EGAGGVANSISGDVHGPVVQARDVHGGINLGGRPSRH
1,EPGITVRDVHNTMTGGAHRGTVIQAGVISRVDQSGGGS
1,EPSAGGVVINNTVSGGTHHAPVIQVGQLGHGTFGSQRG
1,GPHPAAVHNTIHGGVRDSPVVQSGRIGGNVTLGGPPPH
1,GQRVEVTTIHNEISGDVHGIALQIGRVETSNVTMRQPG
1,GSSGRGGSVSNRITGGVQHGNVIQAHTVGDVQLG
1,IPRGSVSSQIVGEVSGTAVQAHTIHGGVNQTRFDGDH
1,LAGEQSPGVSNVINGGVQHGPVVQTGQITGTAVHTIHM
1,LILTQDGDVRNSVSGGNQYGPVLQGRDFSGLSFTTQPP
1,NSIAGGTVHGPTVMAGAVHGGVAFN
1,PAGATNVVAGSNVGKLIQTNQVGDVSM
1,PEAAVPGSVHNDFRDSTFSGPVQGSGTQNNTFNG
1,PQAHHTTVITNNLTGGVHHSFTLQVGTVGRINRIGNDD
1,PSSTHPITVHNEITGGTQHGPVIQAGRITDLTTGTPPP
1,QAIRTAGSVHNEISGGTQHTVLQGQDFSHLTFTVSPT
1,QAPGPTVTVNNSTNGGTYYGQVIQGHDISGLTFNGGGT
1,QHGGFSITGGRQDKVVMAQNIHGNINMS
1,QPSAPTVSVSNSVSGGTQYAPVVQGQNISHFTLNGSGV
1,QTVSSSGEVHNHISGGTQREVLQGRDFSNITFNVPTD
1,QVHAEIHGGEFNGPVQLGGVQTNYFGNR
1,RATADSGEHRNEISGGEFNGPVIIARDINGPMTFGQ
1,RFVQSRHDVSNTISGDARVTGPVLQAGDVHGSINFGKS
1,RQQSGGSVYNQTVNHGTITESVIQAGRITTYNNYQSPPP
1,RQRPGATVHNEIHNGTFNESVVQAGRITHNYQSPPGKD
1,RSRTGSGDTYNSVSGTVHGGLVVQGRDFGTTTIGFPRS
1,RSRTGSGDTYNSVSGTVHGGLVVRGAGLRDHDHRVSAV
1,SESGAMVIGVQRNEGSGIFIGRDMSGNIGEFDRK
1,SGGTVTNTVNGDVSGTVIQGRDFHGDLRFDR
1,SNEQSGNVSGLSVQAGVIHGGVHFG
1,SPSGRVGHVYNTISGGEYRGTVIQAGSIGSADLRGGSP
1,TEGTATDGGVVNQVSGHVHGNVVQARDIQGGITFGG
1,TETPAAAPVTNTITGGTQHGPVLQGRDFSGVTFHTQPP
1,TLRAEQDTVHNTVSGEARISGNVIQGRDFSGPINLG
1,TNNFSGRGGVVYQGRDFTIGG
1,TNSLPGNVDGQLVQAGVVNGAITFN
1,TQVASSGGVNNSITGTVHGKVVQARDITGGITFH
1,TRNTMDGQADAVVQAGRIGELHQYW
1,WGTANEDINIHVAGNIQGVIAREVHGGVTFN
1,YAARPPGTVHNSITGGRQGGPVVQGHTFTRLTFRTTGD
1,AAAAGRFQVDLRDAKGVQVGDGNVQINRF
1,ARSSAVSGNTFHGPTAFQVGDHNRQDNRFGPEK
1,ATAAGRSRVDARYAKGVQVGDRSTQYNTFT
1,DDRPLVFEGPLAVQIGDHGVQNNYF
1,DPALTKFRMELRDNKGVQVGNHNVQHNHFGA
1,EARASRYRVSADNAKGVQVGDHNTQTNTFS
1,EGRYVIDLRGAQGVQVGDNPTMTLNF
1,ESAAGKYNTVFQGEVKGVQVGDSNTQTNTFS
1,GSTFNLNGAVFHGSTQVGDHNHQHNTVHQVVRPE
1,IQYNNTKNLKNTGFVAESGSNVSQVTVNQTFN
1,LALAPGGVVINGDAKGLQVGNENVQFNRFA
1,LKSGDTISIGKQINVDQSGTGNTQTNTFNL
1,MAGDVFHGPVAGQLGDHTTQYNSFH
1,MIDKQINIQQDGQGNVINNFFSS
1,NQSNPYVINMMKNVGIVNQGTIHNPTFHFN
1,PANATKYRIQITDAKGVQVGDHNTQTNTF
1,PQGAAAGKYDLRGSQGVQIGDSNTQNNTFK
1,QATAASYQMSADSVKGVQFGSHNTQTNTFS
1,RDIGTVQGSTFHGPTAAQFGDHNTMRNTFGS
1,SIPGSFQTTFEAEVKGAQVGHGNQQTNTFS
1,TGGGVLSGNVFHGPTAVQTGNGNRQDNRFDGGS
1,TGKYNISRITVEGSAAFVIGDKGRQDNRFESK
1,TGNGSTFFGPTGAMWGDGNIQNNTF
1,AFERIGLDLADIEVGGSFNAHRIHASDVGVRV
1,ANIKIGDVLAYRDAIVREVVATGDVEVGNVTGQTGDAI
1,ASTGGGVSVENTSVDGSFTVTGIRAGTGQPPH
1,LESTGVVRQVMASGIEVSGALEAADMQQKTTRGGTVEQ
1,LNSELPDFQSVLENALIEEEIETGKITIENEGKPQGKQ
1,MNQRTKQGDSIEQTMAKNLKAKSIKIGDMTQQI
1,MQQKTTRGGTVEQEMLKDIKAGDVKLGNLTQES
1,MTQKTSGDSFAEQRMLTNVKAQNIKLGELTQENKSYE
1,NIEQVSEGGSGEQVAGRNLEVGGDLKMGDVNQRNQRV
1,PEEILQSILQNVQVGGNLTTGNITQTII
1,QAVKAGTIVQVMATDIEATNLKAKSMQQKATLHPEFVE
1,QKKIIQKAISDIVVHGNLTVGDITQIIN
1,QQKATLHPEFVEQTMLKNVKVTGDIDLGDLSQEG
1,SELSGLVRQEMLTDVETESLEVGNMNQRTKQGDSIEQ
1,TKVAHARVGLDIEAGGNALIRNIEGAREIVAK
1,TMGADGVVADRVKVDGKFSVQNVRVVPQPPHP
1,TSAGAGVIAEDTSVDGSLRISGIRAGTGQPPH
1,TSTGSGVVAEGMSVDGSFTISGIRAGSEQPLH
1,VAEHTPEAAATVGVGLIRTEAGGDIEVSDVTVRAGSAV
1,VQGGIGVQATDVATGGSMIIRGVQAVQEPPHP
1,AKGLQSQSSGQKTYIKTIEKLLIFLKGTLILMNKI
1,IKSQQASTQNYHNTIEKVVNLAQGEGASINIKEQNITI
1,KDTLASQQPTIQNIGKLAEKIAVVAQGGTTNINTINL
1,MSEELGKFAEKIGVYIAPGGQASIGTQIIQGQK
1,NSHPSVVNNAKLADEIKNVFQGNQFNAPVTFNN
1,VHQKAGGVTNLSKLAEKIGVLNQGLILNQQNTIHL
1,VKNEPTLIQNSAKLAEKIGLVVQGGKVEIQNFSF
1,AKAVSVTQTVTGDQNIIIGDASGSFTITQD
1,APRTVTASGERSVAVGGESTGVVSTGDGAHITVHGRHT
1,APTTVTITTSGKRSPAVQTNYGTINTGDSTT
1,DRSAGHTVIAAGDRSVATGGNVSNSVIVTGDRNTVQHG
1,FRPGEASGDRAVAVGHNQGIVSTGDGAV
1,GAPGVTVTASGDRSVAAQTIHGNVSTGDTVH
1,GDDAIAQGGGVAAGKGGIAIGGVESPLAGICIWANRPR
1,GNVIAQGAGAVAAGPGSVVVGGSVRGSTINAGHRE
1,GTAAVVVASGERSIAAGGEHRCRDHR
1,KGAGRVGNTNIAAGDRSVSIGGHVSGSVIVTGDQNQIT
1,PEPAPMNVTASGERSIAAHHIGTAVTGDHHP
1,PRPSGPGDAVQAIGERSVAIGRDNTGTIRTGDSPSNQP
1,PTDIKASGERSMAAQSIGLAVSGDVRF
1,RSEVVHVTASGERSVAANTIDIAVTGDNSTV
1,SGAIAQGQGAVAAGAGGIAVGGSVHGGINMPDNRDK
1,SGARVTALGERAVNVGKMTGGAVVTGDNNRI
1,SGGITITASGERSIAAYSIGTVNIDNGRSGA
1,VESVAGSGRRAAVLHTNQGVVQTGDNVR
1,ETNPKVVQVLNENWQGISIKGGINTIQYNNFNFGK
1,KAQSPTTLVNPQGVITTGGQTTVKGSTFNFGSK
1,MINENWQGISIKGGEVEVKDNTFNFYPPEKAA
1,MENKITSQNTNYGRDQFIIYE
1,MSRQYESHGRDQFNIETLKGD
1,HAGRLVDNSNMTQNNYDNARGWQTKVEGGT
1,KRFGQVIQSNSGNAIGFQALVEDGGVVN
1,MSDQHIHDQGKGYQVEVKGGTAYIGDNK
1,NAGKLIDQSHMTQNIIGDHAKGWQTKVEGG
1,NIGKIQDNSSMTQNISDNARGWQTKVEAGT
1,NSPSPKSIKMEATANDESKLTQVGHVDAENFNLT
1,AARVPSVAQENHASGHGTVNAVVNGDQTNIRT
1,AKETTVTRTEMRAEASGRAQIYQAGNNITTQR
1,DGQEIRGDVRMEARAEGNGRVYQAGRDQHITDR
1,DTGIRTGTQELHAEASGHGRVYQAGRDQHIQGP
1,EGVTSIELRAAARDHGRVYQAGRDQHITER
1,GATVPPATVSQHATATGHSRVYQAGRDQHIAER
1,GERTVAPTVAQRATASGSARVYQAGRDQHITER
1,GGDTDIGSISMRVRASGHSSVTMAGRDVHITGP
1,GRVTTVHDQANSAADRGVVLAVQDGDQYAHLE
1,GTRGRVLRQTNTAHGSGTVFAVQQGDQHAYGA
1,HGAPQTGPVLNAESHDRSRIYQSVGDMNIGQAPTP
1,HQTGNTVSGDGSANAGRDQNISASGGTAVGVL
1,KQRQVVYKQFNTTSGKATSYNVQDGQIHIHQA
1,LALAGVPAVTQRAIASGHARIYQAGRDQHITEQ
1,MDGHAEDGGRVYQSSRDQHISEYHYHGSEEL
1,PAARQTFVQHNTAEAGGTQNILQSGTINVHTG
1,PAAVRICGQARDSGEIYAAAGDMHIVSRPGR
1,PDQRASAGIRLNADVSGSGRVYQAGRDQHITER
1,PEAGVVRHVHMRATASDSAQVYQSGGDMTIGRP
1,PEDGRRWTQNVHTHDRSVANVVQGGNQYNHYM
1,PERARVETLVMKASATGHGRVYQAGRDQHISER
1,PKGGRNWVMTNIARDHGTVYGAMGGNVIHYHQ
1,PQVQQQWVQNITASAPGSIAQGAYGNIINHSG
1,PRAEQNWTLNVTARDHGRAYGSLGGNVVVYES
1,PSAQQTWVQNNTPREHGTVYAVQHGTQHVQPV
1,PTGRPHLEQRNSASDGGTVFAVQGGDQPHYSP
1,QAGPQVAVVSQRADAKGKSRVVQVGRDQTIINPERP
1,QEQQAVSSQVMKATASGHGRVYQAGRDQSINER
1,QGTAGGNSVQMHAYATGNGRVYQAGRDQHIQES
1,RGSTGPTIAQHAHASGQARIYQAGRDQHNAQP
1,RTAQQGTTVTMTAVAKDSGRIYQAGRDQHITER
1,SEETRAWHQTNVAREQGTVYAAQGGNVIHHSA
1,TERNRVASVVMTAATHDNSRVYMSGRDQHITGA
1,TGQQATASMTLEAQVSGGGDAYMAGRDMTITKGGAG
1,AARTGAGDVDNRVTGGRQGTVIMGRDFHSPITFNQP
1,AGDVAPQTVRNSISGGVQHGPVLQGQSYSGLTFNSSGE
1,APGHPATVHNTVSGGTQHGPIVQAGTVTGLAFPPDPSP
1,APQAGVSHQSSGTVSGTAVQAHTLHGGVTNTHNHEGG
1,APTKTVNIGSQHNHGSGAFIGNDHYGDININTRDDR
1,AQNNSVRNTISGGTFNGPVLMGRSFENTTFNNNSGGAS
1,AQRPNIQNTANVEDNYGIVAPGGSVSIGNFSP
1,ASLTESGNVTNTVSGDVAGPVIQARDVHGGIMFGGTT
1,CNELSGIVNGPVVQAGTIHGGITFH
1,DNRVVQQSVSGTVLGKVTQIGGDVHGDISF
1,EGARCAGSISNSVSGGVQNAPVVQGQDFYGLSINFGGA
1,EPDPTAGSVHNVISGGVQHGTVIQAHTIGDVNIGDSRR
1,GAGEAAGAVHNTVSGGVQHGPVLQGGRFSGVSFHEVAS
1,GAGQSTQLRHSNQVIGTVHGSVIQGQNVRGRFSLRGLR
1,GERGRVVNTITGDVYGTAIQAGTIHGGVRTTTYGGEH
1,HNDVTGVVHGPLVQARDVFGGVHFH
1,HNELSGTVHGVAVQAGVVHGDVHIA
1,HYEQHIENQEAVEKQINIQHNTGDIRM
1,KQGMAVNVVGGNATFNGPVIQLPSIDGSINF
1,KTQIGTQINKDIKQQLNIQEVKGNLNLGIPPE
1,LDAQQSTVNNVIAGEAQVTGPVVQAQNITGPVTFGS
1,LIGRLRPDVTNNAGVQQSGSVGGDNIQIQGSGDVTVVR
1,LIRHTHDVSNSIGGEARISGPVIQAGDVQGSINFGKS
1,LPAVEVRNSISGGVQYGTVIQTGTISGGLTLGGSPDRP
1,LSRTATSESTNIVSGGVQHGTVVQAHRIDGGVHIK
1,LVRTGDGEVHNTISGGTFSGPVLQGRDFSGVSSTPLPP
1,NQNFGHVEGKLLQARDIHGDVSF
1,PAEAHGGGVQNTISGGEFHQAVIQTGHIGSVKL
1,PASSQVTNQIYGNVTGTAFQGHTFYGGIVYRGGPSDG
1,PGGQQIINQTQTNTASGNNVGGDFTFAPVQEGTKKA
1,PGPKNRTSVTSSSGVVIGGDNHGPITLNGPGAGNFHQH
1,PSAAPALQVQRNEGSGTFIAGDVIGGLTINHDSSR
1,PSDSGPATVYNAISGGVQHGPVIQSGRISGLTFHVPVQ
1,QPVGHTVSVTNTISGGTQHGPVLQGEKFSNLTFNGGGA
1,RAEHGGVINQITGTVSGKVLQARDIDGGVSF
1,RAGAEAGDVHNHISGGTQGEVFQGRDFSGITLHVHRT
1,RAHRTPGAASFEISGGTQHSVVQAQNVHGDITFN
1,RAVEPEGRVYNTISGGTQQQVFQGQDFSGLTFNIQRS
1,RNDFSGTSHGPVVQAAAIHGGITFH
1,RNELSGQVTGGVVQAGNIGTVNFGG
1,SATGGGTDVHNTISGGTQHGAVVQTGTIGSLHFGRES
1,TAQKAEDAKVINQISGDVGGKVLQAGDIHGNVTF
1,TDNEATNVVGAVVQAGDVHGDIRIR
1,TGNMSISGTMDNTKFVQAQNIHGDINFG
1,TLRIAPGSVHNTVSGDTRISGSLIQGRDFSGPISFGG
1,TQQHADNGAVNNQISGNVSGKVVQARDIGGNVSF
1,TRSELSGSAWDVVQARDVTGGIHFH
1,TSGGGVSIVNNSVSGGIHHGIIQGRDFLGPATAHDDHP
1,TTTKKTNIGSQHNHGSGTFIGGDNHGGVTVTGGGD
1,VNIFNGNAQKVVQLRDHHGDLHL
1,VNRLDATGAGDVVQARDVHGGVHIH
1,VPQQPAVSVHNIISDGEFHAPVFQAARISGVRFGASGS
1,VQQQKHDVVNVIGGEARITGPVVQAGDVFGSINLGGRD
1,VRTTGSSDVHNTVSGGRQQTVMDGSGGVPTDLQSRLAR
1,AARNGVLNVHVSGNASIQHGDYNITVNDNRTGA
1,AGDRVDASHAQGLQIGEGNTQNNTF
1,AGKYRVDAAHAQGVQVGDRNEQINTFGAG
1,AGKYVIDVRGANIGAIGDRNQQYNVFGSRSG
1,AGPLARYRVDLREARGVQVGDGNTQHNTFG
1,ARRPLPGVRVDRSQGVQVGDNNEQTNHFGAAPGPRY
1,DPQGGPRFVDAREAKGVQIGSHNTQTNTFN
1,EGASTGKYDLRGAKGVQVGNQNTQTNTFS
1,GAAQGKYAVTIRDSQGFQVGDHNQQSNTFGAG
1,GAQQGRYEVNADQAKGVQIGSHNTQTNTFS
1,GSAAGKYSVDVRGAQGVQVGDGNTQTNTFTAPPPGT
1,GSSTQVEGNVFHGPAAIQVGDYNRQDNHFGPGA
1,GTGGGVHGNVFHGPAFVQGHGGTQNVTLGPRE
1,GVKYKVDVSGARVVYVGDHGHQDIRLPAEES
1,MEVHHNLGAQVGNHNTQHINLPPSP
1,MRIGSIEINDSTGVMIGDHGTMTLHIGDHPK
1,PAGYSVTGNVIHGPAAVQVGPHGFQVNNFGRPR
1,RQGSRIDLRHSRGVQVGNDNVQTNTFH
1,SGGHTLAGNLFTGPAAIQQGDHNQQTNTFGAWPA
1,SGKYRVDVGDSQGVQIGDFGNQQNTFGARPA
1,SSVNKYNVEFQGEVKGAQIGDKNQQENTFN
1,TGGSNVSGNTFHGPTAIQTGDDNRQINHFGPDA
1,TSKYTVSIRDSQGVQVGDGNTLHIGHPSGQ
1,AAATVGVELTRVDAVGNIAITDVDTGGGTGVR
1,AAGGRGVDATDIKAGGSIRISGVRVGRTDGQD
1,DSEVVQVKLENLQVGGNITIKDITQIYQ
1,EAIRQTTVEQHVVGHGNVVAGTGDVTAGNISITI
1,EGLAHARIALNLDVGGNVLIDNVQDAREIGIR
1,ESTGDGVRLVDSTIAGEAKISGVRAGFQGPPD
1,ESTGNGVRLTDSNIAGHTKIAGVRAGFSGPPD
1,GVKLTRVEAGGEIEINDLTGSAERAVDFTDVK
1,IKQVNEGQTNAQQTFGKNWQVGGDVKVGDINQENRGL
1,LKANETINQIVLKGVKVQGKAKVGDIDLTATREGAVNQ
1,LSTGTGVRGRDIKTRGGVEVEGVRAGYNPETD
1,NIEQISEGSAAEQVVGRNLGVGGDLKIGDIRQSVHRKL
1,PQQPFQKVFSNVSVGGDLTAGDITLIYN
1,TSSGSGFVAEDTSVAGTLRVNAVHAGVPEPPH
1,VAETVGVRLDRVEADADIEISDITTSSGNAAH
1,VASGAGVRVVDAEVIGDIEVSNVQAGVSRTDP
1,VDGGSGVVAEDIAAAGDLRIGRVAARAHREPP
1,VEEGTGVRIEEAKLSGDVSFDQITVGKTQR
1,VRAGSAVVATDVTAGGSIRISGVRVGSPGEDP
1,VSAGDGVRVKDATVAGPANFGDIVAGFGQPGP
1,VSTGDGVRVSDSTIEGATEIRGIRAGFTGSPG
1,ALNSQPSKPQIYIKTIEKLVNFAQGDINIHEQNITI
1,DQELQQKQFSIQNLAKLTEKINNFNQAQTIHIIQNNTF
1,KSQGVTAENINALFQGSTITGSAVNRDSNNNVVIQNPT
1,LDSQPATIINSTKLAESIKNVFQGNTFTGTNIF
1,LSNFVSEQSTVYNTGKLAENIKNVFQGNTIIGGTF
1,MKEQPDKIAEKIAVFAQGGTVYIDKIIIDSQGK
1,MPEDFGQSIKKIGVYVAPGGQASIGNQVIQGQK
1,NISQEIHHEPNKLADKVGIVALEGSAVNIGTFN
1,QAQPSIVNNFAKLADEIKVEKGSTVAQQVIIEQQHNTY
1,AAGRDIININATDNSIAAGTISGGASIGRPQ
1,DGAAAVGAGAQAVGKGGVIVGGSKTAAPAFDQRGQHVQ
1,DGAVAQGPGAVAAGKGGVAVGGDLHGGARIGGTEITGT
1,ETESGKVVINASHRSVAAQNITGSTISTGHS
1,GGGLQATGFRSVAVGGDVGVAITGDGAR
1,GSSPSLTVTASDHSIAIGGSVGGDVTNIHGDGNIVGDH
1,GVAVDGDLSVTASGAGAIAVGGSVIGSVASNAPPTDPK
1,HGHPGGVSAGPGGVAAGGDVTVRAEGGSVAAGSIQGGV
1,MTDYTFQAIGAGSVAAHHIGTAITGQ
1,PRTVYNNPTTHGDHSLAAGEIHGTVNFGSAP
1,PTAGSVTITASGQRSIAAHTITTAITGDGHR
1,QTSHRSVSAGQSGLAVGGDVHVRADHGSAAAVSMGSVT
1,RPAAQATGARSVSVTDNTGIISVGDGATNIQ
1,TPPRRAGTQATGERGVAVGGSIRRPVVTGDDATIVSLG
1,VHTATYNVTANGPNSAAIGSVGPSATFHFGG
1,VRSAVPAGRTQTAGAGGLVVGGDLSVEAEGGSVAGGVV
1,KLKAQNPTIVNENWQRINIKGGTNTVTGNTFTFGK
1,LLKKEHPHIVNENWQGINFKNANPTISGNTFNFGK
1,PEVEKRLTTVIENWQGINIKGGKPIIKNNTLNFGSK
1,NNNQTVDNREYINYGRDQINIDKIDGDNTRIGGS
1,TNIYTQNKSTSSYINNGRDQFNIENMQGNQKLGG
1,EIDKPGDNIQMSANAYDNSTVKQVGKIEAD
1,KAGQKQDNSSMTQINQDNAKGWQTKVDGGT
1,QDDRRLVQINKGDAKGFQTLVTGGIANI
1,TLMQIEDNSSMSQINYGGTNYQVKTGVDNT
1,VVNVSSIADQRTLNQKSDRSHKTFQNKSKN
1,NPNHPKSIKLEGTAQGESKLIQVGSVETENLNLT
1,AGQPGPVSVVMEAKASGHGRIYQAGRDQHITER
1,AGVRSAGHVVQHVTASGNARQAVLGHGSQVNTFGTAQA
1,APAPPRLEQTNTARDSGTVFAVQGGDQPISGR
1,DTPAAAPAVVQRAEAAGSSRVYQAGRDLHIGRP
1,EEQDRARTVVMRAEARDSARIYMAGRDQHITES
1,EERERIYQQTNVAGGNGRVFGVQSGNLIYHEG
1,ERRQQIGQVTMTATAHDSSRIYQSAGDMTINES
1,ERRTPACEQTNTAHDSGTVIAVQHGDLHT
1,ESPKGRGNISQSTVASGSSSVNQAGGNITIYRSES
1,GQESAQVVQTVNASGSGIVFNLGSGSQHNEVH
1,GRAAVVLEQNNTAHDSGTVFAVQHGDIHTTRG
1,GRGTFTLEQNNTARESGTVFAVQHGDLHATHA
1,GTDADVTFSQRASAAGNAKIYQAGRDLRITER
1,HAAAGVTQNVKAGRDAYVSGRDMTVYPRPAD
1,MDGRAQNDGRVYQTTGDQHVTEHHHYAGGGP
1,MKGRAFGHGRTYQAGGDLTVHEAAVFAPVGQ
1,MSGSTEGRAEGDGRVYQSRGDQHITEHHHHG
1,MTGGTDGHAEDHGRVYQSHGDQHISEHHYYN
1,NEQPGTQNVSMNATAKDRGRVYMAGRDQTINEK
1,PAAQQQWVQNNTARDDSVVNAVQHGSQHNYYM
1,PAEPDARDVHLRARASGSARIYQAGRDQHITER
1,PAQQQQWVQTNVARDNARLFAVQGGNIVYHEL
1,PAVVRQDARAEFGSEVNQAGGDLTQYRTTYA
1,PEDQRAWVQNNVAKDGGQVFAVQGGNVIVHQT
1,PERPDIVIQLNSATHSGEVFAVQHGTQHFASG
1,PGDTAPEQIRMEARASGSARIYQAGRDQHITDR
1,PGEAAAPAVTQHATATGQARIYQAGRDQHIGEQ
1,PRESGNWVQNINAEGHAVVNTVVGGNQVNNYM
1,QGWEAPRNLEMRAQASGDAQVYQSGRDMTNIRLP
1,QPQVRIDTHADGQARQYIAAGDQHIHQLSPP
1,SASLARSVNQQATASGDSRIYQAGSNQTFVQR
1,SVPRPMEGRASGSARIYQAGGDQYIEEHVHH
1,AAAALNPPQVSNTITGRVSGSAIQGRDFSGPVTFG
1,AADRGSISNVINGGTFNGTVVQSGRIDHLTTHQNPGNS
1,AARPDVVNINTGTVSGNLVQARDIHGSITFGADPSR
1,AEGERGGPVHNTVSGSVHNGSVVQGRDFSGGLNLYDSG
1,AQVPLGGGVHNHISGGTFHAPILQGQSFSGLTFGASPA
1,ARSEGTVNQVSGVVFGPLVQARDIRGGARVTMPSERR
1,DDGPSGSVVHNSISGGVQHGQVIQAHTVGDLTIGDSRD
1,EAALSGDTLHNVISGGTFSGITIQGKVNGGVHQHQHQP
1,EERADAGAVHNDFRHGTFKGPVQGSGTQNITYRT
1,EGTDGGGFRNTISGGVQYGPVVQGRDLSNLTFGTWTQG
1,FISNAYDNAKVLNMRDNRGSISF
1,GDHVDMSGNRAGRDVIGTQNNHGDRRGESRGH
1,GDRSQTVVNSVIVGDAIQIGSIGGDAHIGSPD
1,GGGGRGGDTRQEISGGTQHNVVFTRDVHGTINLG
1,HFDSGGGNVTNTITGDVEGIAIQARDVHGVNLNRP
1,ITGDAYVEGNVVQARDVAGSIVFGTPER
1,LQVHTGSPVNNTVSGGTFHGPQFMGRDFHGFTLNAAAS
1,MDNHISGGFFFSAVVMGQQINITLPRE
1,MPDLHNTNSGTATNLIQARDVHGDISFGPQ
1,NADTQPSTVHNTISGGVQNGPVIQSGRITGLTLHTHHP
1,NDGVVNVLNGRAGKVIQLRDVHGDLNIG
1,NDSRQYTIRWQSNTGSGNIINGNNYGSINPAAGTVN
1,PAGTTVSITNNTISGGHYNGPVLMAQTIHDGVHGAARR
1,PARPKANNTVIGDVNGRVIQADTIHGGISLFTEKPAA
1,PPRNQASPVHNVISGGVQYGPVIQTGRIDGSVPSTPHN
1,PREQQPPAVHNTVSGGTQYGPVIQSGRITGLVLHDPGT
1,PSAQRRGAAHDRMSGGVQHGTAFRARSVGSPTVGTIRP
1,QAPTGGGDVRNTIGNGTFSAPVLQGRDFTGISFTSPHP
1,QDSTVTNVVSENARVAKLIQGRDFHGTINL
1,QPAPVVHHTHNTISGGTNQGVFIQAGSVGETSVHHHGG
1,RDQGTARDIHNTISNSEMHGVVIQAGFVNGGVHHHGGG
1,RDRQTVREVHNTISGGVQHGPVIQAGVVSGDVTFPTPP
1,RISLTGEDVHNSISGGTFSAPVIQGRDFTGTNFGTSPA
1,SADRTGSVHNVISGGEFRGPVIQTRTINGDLNFG
1,SDDSSVSLNAQAYDESIQINTAGDVNQPNYDF
1,SEGVSTVTINNSVSGDTQNSQVVQGQSFSGGLTFHGQG
1,SIGSTNVVASSNVGKLVQAQRVGDITM
1,SIVTKVSGSAQVGKLVNISEVRGDVSF
1,SNNNSGTVTSLVQSRDVHGGIRLGPGS
1,SSCPAVAINHNTISGGHYNAPVIMAQWVDDGVRSTPRR
1,TAAARGGTVHNDINGGVQYGPVIQSGRITGLTFHAPPP
1,TECGGVREVHNTVSGGVHHGPVIQAGVISGSHFTTGPN
1,TEQYFNNFSGTAKQAIQVQKVSGTINIS
1,TGEVRAQVSVHHNTGSQVLIAGGSVTAHDFSYGASEQR
1,TITQTLTIYSEQVGKVIQIGKARDVDIS
1,TNELTGRIAGSSVQAGSIAGGVHIT
1,VNMFNGRSEKVVQMRDVNGQLNI
1,VNNFHGQAEKVIMTGDIDGGLTIN
1,VNVNHGEVNNLIQAREIKGNITFS
1,AEGSTVSGNTFRGPTAFQIGDGNQQDNHFGSGA
1,AGGHVLSGNTFAGPTAIQVGDHTTQTITFGA
1,ASAGKYRVNVRDSQGVQIGDGNTMTLNFGK
1,EGRGDVYNLDMPEAKGVAVGPNVQQTNTFN
1,FTGANGYLFLGDAAIQNGNGNIQVNRFGPRP
1,GGKHQVDARGAKGVLVGDNSAQTNTFN
1,GKFNVEFKGKTQGVVIGDHNIQHNQYDNVDG
1,GPQGRTFRVDLSRGRGVQIGDHNIQTNTFH
1,GRADGRTAIDLRSAKGVQVGDGNVQHNAF
1,GSYAGANVVDAREAKGVQVGDHNTQTNTFN
1,GVGTDRYKVTVTGSQGVQIGSGNTQTNTFTSPA
1,HGRVAEYNVTVTGSQGVQVGDNARQVNNFGQ
1,LGETFAVDHNLGAQVGDNNVQRNTF
1,MNAPDARGLQVGTGNTQINNFGGDA
1,NKSKSEVINIMNNVGIVNYGTVKNPTFYFT
1,NSVMFNKGVVVGDFTTQHNTFH
1,PAAGMSGQNVFLGPAAFQSGDGNVQVNRFDSRP
1,PVAGGVTGNVFHDQAAVQTGDGNVQVNRFDSRP
1,RHQVLNVHGNTYDKSPQQYGNHNHQQIHYGSDT
1,RVDDARSRIDLRHAQGVQIGDHGIQHNSFG
1,RVEHARSKIDLRHARGVQVGDHNTQHNTFG
1,SKSGDTISIGKQVNVKQLGQNNTQNNNFTL
1,SPVPARPSVTVNGGQGVMVGDGNTQHNRFG
1,TKQVYNDLRHAQGVHAGDSGTMNVTFHNHTT
1,AAAAVGVRLQRVEAGGDIEVIDVEVEGGSGVT
1,AAGASGVVAEDVTVSGELSVTDVEVVSELPDP
1,ALASIGITIQDIQTAGDLIIKNLKAGGRLEIS
1,ASTGDGVRVSGSEIAGAVKISGLRAGFPEAPD
1,ATGASGVDARDVEVTGEFVIRDVEVEASPTHP
1,ESAGTGVRGEDLDVAGGIVIGEVSAGGSDPSV
1,GEQAAGVHIKHGEFTGDIEISKVKVEANSGKK
1,IASGTGVDVKNAEIQGDIDIKQVRSGQTNNPP
1,IDNSKNVNTGNIFAGGNVHIGDINVNDN
1,KQEADSSATEVSQQMGMGIEAQEDVTFTNSSQKA
1,KSDQKANTIFFKDMNIKGSAKLGKIDLKSRGGNMEAVT
1,LKTQDPKIRQVILSGIELNGDLQAQNITQKTSGSSGSV
1,NTQEATQGKPGRQKIGSDIEAGESIKISNNSQRKL
1,NVEQVSETGVTEQIVGRNLGVGGNLTIGDITQKQ
1,QAQTPGLQTVLDTVRVRGNVEVGNVEQVSETGVTEQIV
1,QPQINQSILNNVNVGGNLTTGDIYQNIY
1,TATGTGVNLEKGKFQGGITITEVKAGYSEKLD
1,TGGGTGVRAEDVSAGGDITVSGVRATAPGEPP
1,TVLSGTGVRLKEGYGGTLKISNVRVGGGAEHS
1,INSQQPTIQNLAKLAEKINNLNQAQNITINQTNTF
1,KSEPSVINNFAKLAENLTIEKTAMVAQQINNTGSITNN
1,KSQPSGKQNFTNFIEKVVNLVQGTGASINIDKQDIHF
1,QAQPAIVNNFAKLAESIQAEKGSMVAQQIIINNPQ
1,QQQLGTVVNQTQLAEKIGILIQGGYNPITIDKFEV
1,SLKSAKSSQNTINCEKLADDLKNFFQNPIFNAPVTFN
1,TLKSQSQQASVINNQKLADSIKNVFQGNTSKNLFQGTF
1,AAAGVTVTTVTAFGHRSVAVGGDVKGTITTGDAPRPPV
1,AGVNVIASGNRSVAIGGNVSGSTIITGDQNQK
1,AKLVNVSVIASGNNSVATSGSVSGIINTGDNNTNVMG
1,EDTSWSGIEAVGPRSIAAGQIGNAYT
1,GGTSFTASGQGAVAVQHNSGIISTGSDATIQ
1,GSTVHNTPTATGQGSIAAVEIHGDIHMGGSG
1,LGERSVAIGGDVTGSVIVTGDRNTVQQGKYNIQIDQAS
1,MRSMAVGGDVSVAITGDGARVVMLPAEA
1,PPAAQADGARSVAVSGSVSGIVSTGDAAINIQRR
1,PTTTTVHVTASGDRSVAAQHISGTVITGDGH
1,QGSVRAGTGSVTVSDGGVAVDGDLSVTASGAGAIAVGG
1,QQISLTGSGAIAVGNGAVAAGAGGVAVGGDVKGSITTG
1,SGAATASAPHAVAISGNANVRITHQNIR
1,TGGETVTVTASGERSIAAKTIGTAVTGDHTT
1,VGATSVTASGAGAVAAGGNIGVAITGNKATY
1,VRIVYNSPTATGQGSIAAGEIRGNVYMGGSG
1,VVTGPMSVTATGDRSIAAGQIGSVTMGPAPD
1,MAKENQQGWTIENWKGINIKGGENTISGNTLNF
1,MSNENLQGIITQGGKVIVQDSTFNFGSSQQ
1,MTTEDWRGINFKDVKDGGNVHIHDNTFVFQ
1,MDQKIVNYAQDNINIDNQNIY
1,MSREYKNDGRDQIPIEHLTGN
1,MTRRYDNEGRDQINIENARDV
1,KAGKIQINSQNIQQNYDNSTGFQNDIDGGE
1,MKQENKDNAKGWQTEANNSNVYNADTIN
1,MMSQENSGNAQGFQTQVHDGGTAYVGTN
1,NAGKLQDNSPITQNISDNGTGIIATAEGES
1,QAGKIQDNSSMVQNNWLFGNCYANN
1,QVINSGNQDNIAMNATAYDNSTVKMVGKIE
1,SIENLENFYRQSKSRKFQTQDNTKQAGI
1,EENSVKEKIVATNGSSISDVTQIGVQNIHNVYSS
1,AAAGTTYVQHNTAESGGVQHIVQGGGSLHVHH
1,AEQPPVPSVQLTAHASGSARIYQAGRDQHITER
1,AGDAAPRMVQQRAEARGRASVVQIGGDQYGDGTGRGR
1,AGEDVGQSTTVQQNVTAGRDAYTAGRDLTVGRPDRAP
1,APGDRPARQTNTARDRGTVYAVQQGTLHVNAP
1,ARGADVGEVRMTARASGNARVYQAGRDQHITER
1,DEQGSARSVVMKAKASDQARIYQAGRDQHITER
1,DGSAARQISQHATASGQARVYQAGRDQHIAER
1,DQPESGARVEMHGTASDQAKIYMSGGSMHISGS
1,EAAQKATVIRQDAKAKGRARVNQVGGNQTIIDARPS
1,EERTRIEKLVMKAEASGHARVYQAGRDQHITGHD
1,EQQRLSYSQHNTAHDRGAVYAVQHGDQRVVRA
1,GGASRSAITQHASASGNARIYQAGRDQHNTQR
1,GNIGAPEAVAHGHGRVFQADGDQHITEHHHH
1,GSGPDEPSVRVSVRAWDSSRVYVAGRDQHITEEGDR
1,HTDASAPSVAQHGTASGRARIYQAGRDMHINER
1,IAQHRTTFRNIKAKGDAILGGRDVNINKGEK
1,MFQAQHDQHIEEHHHHYPAAPTHGWLGPVPH
1,MPIDGRASGQGRVFQTGGDQYIEEHHHHYGA
1,MTGHNDGRASDQGRVYQASGDQHIVEHHHHG
1,PAPVASTTYHQTGTADGHGRVFMNQHGDLSVRDTRDGH
1,PARERHWVQHVEARDHGQAFGAQGGNVIVHQE
1,PEQRPAAGGTVFHAAVTRGNVYQAGRDQVFHR
1,PLEGNTQVGTMYGRASEHGKVYQAGRDMHFNER
1,PRARESWVQNNTAEAGGIQYITQGGDINVGRG
1,QAGPPAGGIRLTANASGRSRVTMAGRDVNITKG
1,RPATTSYRQQGTAQDHGKVFMNQHGDQIIRET
1,SGDGTPGTVRQDAKASHGSRVYQAGRDLHVTGQ
1,SGGVAAGRVTVHATASGHARQAVQGQGEQHNTFQAPR
1,STGDDATNVSQRATASGDARVYQAGRDQTFNDR
1,SYTPGGSIVTQHASASNHARVYQAGRDQSFGRR
1,TGSSWSGDVTVSAEAAGNARIYQVGQGGMTVHER
1,ADLAFVNNIGNVEKLVQFGTVHGDVSF
1,AEATTGGNVNNTVNGTQNGPVIQGRDFSHMTFHFGQK
1,AGPGRVANSVSGDVGGPVVQPRDIHGGISFGGDLPRP
1,AGQAPTSVVHNTFSGGVNHGVVMQGRDFRFGAMTFHAS
1,AIEASTGGVVNSISGEVRGPVVQARDIHGGVSFGDPR
1,ALDGRTVVVHNSVSGGVQHGPVVQGQNFSDLTISSTSS
1,ARSGTGGDVSNNVSGGTHNAPLLQGRDFSQITFNLPER
1,AVRGDEGAVTNTISGGTQYGPVLQGRDFTGLTFTSAPT
1,AVTQTGRVTNQISGTVHGNVVQAGDIQGGIRFK
1,DGNYFDGQADKVFQARNVYGDVHFH
1,ELRTGDGETSNEISGGTQHAPVLQGRDFSGINFNTPDA
1,EVASPSGDVHNEISGGTQTTVIQGRDIHGDITIGGRP
1,GAEGGVSNTIIGDVTGIAIQARTINGGAGNTGYQGDH
1,GASPPSATVHNVVNGGVFEGPVIQGQNFTGLTFHGTTP
1,GATRPTTTVQNTISGGGFRSQVIQTGAINGDLNFG
1,GDHSPAVSRSRIGGDNIQIGHVGGDVQISRH
1,GGMFNNQFNGPVGKNAYIDTVHGDLRL
1,GPGSQIMADNRIGGSAVQIGSARDVDIRHQQQ
1,GPTSTVWQSISGTVTGTAIQIGGDHTGDIRL
1,GTNTVNIGSQNNYGSGTFIGRDNHGDINPTRQES
1,GTQSVVRDVHNTISGGVMTGPVVQAGVVFDHRGTPPGG
1,IGGEAVLEGDVVQARDISGPITFGSRG
1,IQHATRSGTVNEISGTVYGKVVQARDIHGDLSF
1,IVAANQGDVTNTVSGDVSGSVVQARDVHGGISFGGRS
1,KGGVVNLNHGQVKNLVQTREFNGNITFN
1,LPDSGGGSVVNSVSGGVQYGPVVQGRDFSGLTFHAPAP
1,MSGNLVQAEIITGDVHFHQLGRPVV
1,MTPNSVHNEITGGVFFAPVIQGQVVNL
1,NGPATVINQHNHGSGTFINGSVAGGLTINHGAAHGRDT
1,NSFSGTASGNVVQSGNIKGDINFGRN
1,NVYGGKAEQNNANNTNAPVIQGGSGHTITFN
1,PGTAPAVVVRNSITGGTQHGTVVQTGTIGDIHLGGGR
1,PLADTPTLSAQHNSGSQIVQALGDVDAGSGGINYGVPP
1,PRAREVFDVHNTISGTVNGTVVQAGRVDSPRFGYRDT
1,QASLPGGDVHNSISGGTQNGPVLQGRDFSNLTFHMTRT
1,QGQVANHFSGTAEKVVQARDVRGDIVF
1,QIASSLVGNLKSEKTIVAQKIDGDITM
1,QNGIIQLNQQTAEKIVNIQTNYGPINM
1,QTQGTVRDIHNNISGGSHGMVMQVGLVSGDVQNGFPP
1,QTSVRADAVTNTVSGRVTGPVVQARDISGGVHLDLSA
1,RFVTEITGNASVGKLVNIGEVTGDVSF
1,RNEAAGAVFGHLVQVGTLQGDIAIR
1,SAADSRGTVDNHISGGVQHGPVVQSGSVAGLTFHVDHV
1,SGAARPGTVHNHVKGGVHHGPVIQSGRITGLTIHGHHP
1,SRNELSGSTSSSVQAQTINGPVHIG
1,TATTPAATVHNEINGDIHHAPVIQAGRIHTLTLHAPAR
1,TGDGEVHNEITGGTFHGPALQGGTFSGISFTTPPPTPG
1,TSVAHPVPVHNNVNGGVQHGPVIQSGRITGLTFHAHGT
1,VDARHSQVRNEISGDARITGPVVQAQNITGPITFGS
1,VSQNSGGSVGVVVQAGEADGGVHVD
1,YGFADGSVQNTVSGNARIDGPVIQGRDFSGPITFGS
1,ADGTTLSGNTFSGPTAIQTGAHGTQTNTFR
1,AFLGIDVRHNTGVQVGDGNTQIIQA
1,AGVSGWSVTVLGSQGVQVGSHNTQTNNFGPDPDGRR
1,DVRDNTFHGPSFIQTGAGSTQHNYL
1,EEPAGKYVVDNRGAKGILIGDHSNQTNHFN
1,EREADRYTVDARGAQGVQIGDHGTQNNDFNVPPSSA
1,GDQYQVIITRSQGIQIGSRNTQTNTYPPLGD
1,GGRTETGPVDLRGSQGVQLGSSNTQHNTFN
1,GRPAVDARYGQGIQIGDHNTQHVHL
1,GSAGGKFAVDAREAQGVQVGDHNSMTLNFGSRSSQ
1,GSSAGKYAVDARGANVGAIGDHSRQHNTFGTPSAQN
1,GTAQGKYNVAISGGQGNQVGDGNTQTNTFGASPTSQ
1,LDQGGKYQVDARKAQGVQIGDHGTQINKFG
1,RAGGFDVRGNLGPQIGDHNTQHNTI
1,RQPTSKYRTTVHDSYAFQIGDHGEQVNHFGQ
1,SSSSVDARAAQGVQVGDGGVQVNYF
1,SVPSKTNVVFQGEVKGSQVGDHNKQENKFA
1,TGKFHVELNNNTGVQVGDQNQQTININPR
1,TGKYNVTITSSQGFVVGDHAEQDITFEQPPQ
1,TGQPGVYGNTFNGGTAFQIGDNNRMNPRFGSHD
1,TRKPGRITVNASNARGVQIGDNNQQHNAF
1,TTTINVHDSKGVQIGDHNTQHNTFN
1,VPKTETSIHKSKNVNTGNVNTQGGNFRIGDD
1,AAEIVGVQLNRVDAAGDIEVTDVAVQGGIGVQ
1,AAGASGVIAKDVKTLGDFSVTDVQVVSARPDP
1,DENIRQVILSGIELTGDLKAGDITQETTRSGG
1,DLAKAGVSIEDLKAAGDILIKNVKYGRYFHVQ
1,DMSQSSSGGNVSQEAITDVKVGGNLKIGNVDQQG
1,ESAGDGVRVKNSRIAGTAEIRGVRAKLGEPQD
1,ESTGTGVRVVDGTIDGAIEIVNVRAGRQDPPD
1,GSAERAVDFTDVKAGGSIRISGVRAGRVDDQD
1,HASDVGVRVTGAKIAQDFNATDITAGEPPHPR
1,IAIGKNEMGKDGIVGGTLKINKIDKRTTI
1,IQTAGDLIIKNLKAGGRLEISGLQAGAAEKNG
1,LKSDDRVNQIFFKDVDVKGDAEIGDVEQTTKQGSSTTQ
1,QAQSPSIQVVLDTVRIKGSAEIGNIEQVSSHGSAEQVV
1,QSQSPTVQVILEELRVRGKVEIGNIKQVNEGQTNAQQT
1,RGNATAVDLDHVTTTGGIDISGVDVDSGASPE
1,SFQNVQKIFENVQASGDINIRDIYQTVN
1,TLTALGIDIEKFKVAGNLIAERVRGGIRGKDW
1,TTPDGGVHAERIIAKTGNVEISDIHVQGGGQAS
1,VAGEVGVKLEDIKGGAALRIQDIIASGTGVDV
1,VDGGTGVLAEDVAAGGDLRISGVAARAPQGPP
1,AKGLQSQSSGQKIYIKTIEKIVNFSQRDININEQNITM
1,KSHPSVVNNFAKLAENLTVKKGGIAGQSITIGTINNN
1,MPEDSGKFAEKIGAFAAPGAQVNIGTQIIEGQK
1,QLQLSQSKSDNPNKLAEKIGIVVQSGGKADIQTLSM
1,TNPEIAEIVNMPNLQKLADKIVNYAQGNINIATQNISI
1,VQSQPKSLDKFTKIAQDIKMGVQDQIANKTNLDLS
1,AGGVSVNVSGTRAIGAQHIGIAVSGDHAAIH
1,AGVQVSAEGAGSVAVHHNEGIISTGKHAKNS
1,FGTSASASGQRSIAIGGDNSGIASTGDNATNVQMRAEA
1,GGALAQGDHAKAVGQGGILIEGGVTGNTTAGNSQAGKQ
1,HQAPMTSGARSPAVGTNHGAIFTGDTTV
1,MLLCCFAALLLCCFAAQFNSTKSVLE
1,PAATGPVVTTEGERSVAAGGTISGTVITGDG
1,PAAVTITAAGERSIAAQHIGTAITGDGHTLP
1,PRTVHHHVTATGDHSLAAGEIHGTITMGGAP
1,RQTTTQHITASGSNSLAQGVIGGNIYHTGAS
1,SGAIAQGDVAVASGERGVAIGGDVDGSVIITGDGNAVL
1,SGPSVQASGERSIAVGGANSGIVSSGDNAVNVQRR
1,SRSEVHLTASGEGSIAVQNNSGVVSSGGDAR
1,TASPAMTVNAVGERAVAAGTNTGIIQTGDNA
1,TDDVRLCIETAGPRSIAAKEITNAYT
1,TVTKNNTVTVHGHHIVAANEIHGAVTLNDGS
1,VPQGGVSAGPGGVAVGGDMSIRADDGSVAGGVIQGNVH
1,YAGNRVTVIASGERSVAAGRDIGIAITGDGHLRKP
1,IKAQSPTTVENWQGINIKGGTNTISNPTFNFGSK
1,VKSQPQLVKTIENWQGINIKGGTNTITGNTFQF
1,INIHNQSVSSRTYTNYGRDQINIETIQGNPTIGGS
1,NIQNQAIHGSQTYNNYGRDQNIINQPQGEIRIGG
1,MNDDNVVNIYGSNIQGFIQENNGTVSQY
1,NLTQNQTQTQTSMHFEVKDNSKMNAVGELK
1,QAGKIQDNSNMTLNSTGDNNRNIQAKAEQG
1,QSLKIQDNSSMNQANSGGQNLQNQGQVSEV
1,QSLKIQDNSSMNQTNYGGTNFQNKVEGGEV
1,NPNQAKIINLEGTAQDESKLTQIGHVDTENFHLT
